{
  "destinations": [
    {
      "id": 1,
      "value": 70,
      "label": "Atlanta"
    },
    {
      "id": 2,
      "value": 149,
      "label": "Boston"
    },
    {
      "id": 4,
      "value": 34501,
      "label": "Celebration"
    },
    {
      "id": 5,
      "value": 40418,
      "label": "Edgewood"
    },
    {
      "id": 6,
      "value": 39505,
      "label": "Gotha"
    },
    {
      "id": 7,
      "value": 21017,
      "label": "Haines City"
    },
    {
      "id": 8,
      "value": 10,
      "label": "Los Angeles"
    },
    {
      "id": 9,
      "value": 72,
      "label": "Miami"
    },
    {
      "id": 10,
      "value": 18421,
      "label": "Montverde"
    },
    {
      "id": 11,
      "value": 54,
      "label": "New York"
    },
    {
      "id": 12,
      "value": 23767,
      "label": "Ocoee"
    },
    {
      "id": 13,
      "value": 32190,
      "label": "Orlando area"
    },
    {
      "id": 14,
      "value": 11531,
      "label": "Poinciana"
    },
    {
      "id": 15,
      "value": 10772,
      "label": "Polk City"
    },
    {
      "id": 16,
      "value": 17969,
      "label": "San Francisco Bay"
    },
    {
      "id": 17,
      "value": 17365,
      "label": "St. Cloud"
    },
    {
      "id": 18,
      "value": 24263,
      "label": "Walt Disney World® Resort"
    },
    {
      "id": 19,
      "value": 277,
      "label": "Washington"
    },
    {
      "id": 20,
      "value": 49764,
      "label": "Windermere"
    },
    {
      "id": 21,
      "value": 22282,
      "label": "Winter Garden"
    }
  ],
  "hotels": [
    {
      "id": 5018105,
      "name": "Woogo Central Park - Tempo Apartments",
      "address": "240 West 73rd Street",
      "city": "New York",
      "state": null,
      "country_code": "US",
      "hotel_rating": 4,
      "phone_number": "18005740835",
      "website": null
    },
    {
      "id": 11003176,
      "name": "Amolite Hotel",
      "address": "Avenida Curitiba, 811",
      "city": "New York",
      "state": null,
      "country_code": "BR",
      "hotel_rating": 0,
      "phone_number": null,
      "website": null
    },
    {
      "id": 747134,
      "name": "Redford Hotel",
      "address": "136 Ludlow Street",
      "city": "New York",
      "state": "NY",
      "country_code": "US",
      "hotel_rating": 3.5,
      "phone_number": "212260414",
      "website": null
    },
    {
      "id": 720550,
      "name": "Hotel Richland New York",
      "address": "5 Allen Street",
      "city": "New York",
      "state": "NY",
      "country_code": "US",
      "hotel_rating": 3,
      "phone_number": "1 212 2191018",
      "website": null
    },
    {
      "id": 797074,
      "name": "Studio Lux Times Square",
      "address": "between 9 Avenue and 8 Avenue",
      "city": "New York",
      "state": "NY",
      "country_code": "US",
      "hotel_rating": 2.5,
      "phone_number": null,
      "website": null
    },
    {
      "id": 742987,
      "name": "The Bowery Hotel",
      "address": "335 Bowery",
      "city": "New York",
      "state": "NY",
      "country_code": "US",
      "hotel_rating": 4,
      "phone_number": null,
      "website": null
    },
    {
      "id": 743452,
      "name": "AC Hotel by Marriott New York Times Square",
      "address": "260 West 40th Street",
      "city": "New York",
      "state": "NY",
      "country_code": "US",
      "hotel_rating": 3.5,
      "phone_number": "1-212-398-2700",
      "website": null
    },
    {
      "id": 260469,
      "name": "The Ridge Hotel",
      "address": "151 East Houston Street",
      "city": "New York",
      "state": "NY",
      "country_code": "US",
      "hotel_rating": 3,
      "phone_number": "1 212 777-0012",
      "website": null
    },
    {
      "id": 740399,
      "name": "SoHo 54 Hotel",
      "address": "54 Watts St",
      "city": "New York",
      "state": "NY",
      "country_code": "US",
      "hotel_rating": 3,
      "phone_number": null,
      "website": null
    },
    {
      "id": 5018104,
      "name": "Hotel Alexander",
      "address": "306 W 94th St",
      "city": "New York",
      "state": null,
      "country_code": "US",
      "hotel_rating": 3,
      "phone_number": "XX",
      "website": null
    },
    {
      "id": 792811,
      "name": "Parker New York, A Hyatt Affiliate Property",
      "address": "119 West 56th Street",
      "city": "New York",
      "state": "NY",
      "country_code": "US",
      "hotel_rating": 4.5,
      "phone_number": null,
      "website": null
    },
    {
      "id": 804220,
      "name": "Central Park View B&B",
      "address": "301 West 110th Street",
      "city": "New York",
      "state": "NY",
      "country_code": "US",
      "hotel_rating": 2.5,
      "phone_number": null,
      "website": null
    },
    {
      "id": 386689,
      "name": "Back Bay Suites",
      "address": "11 Hereford St.",
      "city": "Boston",
      "state": "MA",
      "country_code": "US",
      "hotel_rating": 2.5,
      "phone_number": null,
      "website": null
    },
    {
      "id": 567484,
      "name": "Global Luxury Suites at The Theatre District",
      "address": "99 Kneeland St.",
      "city": "Boston",
      "state": "MA",
      "country_code": "US",
      "hotel_rating": 3.5,
      "phone_number": null,
      "website": null
    },
    {
      "id": 677300,
      "name": "Vibrant 1BR in Fenway by Sonder",
      "address": "Beacon Street and Park dr",
      "city": "Boston",
      "state": "MA",
      "country_code": "US",
      "hotel_rating": 4,
      "phone_number": null,
      "website": null
    },
    {
      "id": 820605,
      "name": "Unique 1BR in Financial District by Sonder",
      "address": "120 Milk St, Unit 801",
      "city": "Boston",
      "state": "MA",
      "country_code": "US",
      "hotel_rating": null,
      "phone_number": null,
      "website": null
    },
    {
      "id": 731189,
      "name": "Charming 2BR in South End by Sonder",
      "address": "Columbia Road & G Street",
      "city": "Boston",
      "state": "MA",
      "country_code": "US",
      "hotel_rating": 3.5,
      "phone_number": null,
      "website": null
    },
    {
      "id": 721848,
      "name": "Stunning 4BR in Downtown Crossing by Sonder",
      "address": "Hamilton Place",
      "city": "Boston",
      "state": "MA",
      "country_code": "US",
      "hotel_rating": 3.5,
      "phone_number": null,
      "website": null
    },
    {
      "id": 677341,
      "name": "Classic 3BR in Allston by Sonder",
      "address": "Brainerd Road and Harvard St",
      "city": "Boston",
      "state": "MA",
      "country_code": "US",
      "hotel_rating": 3.5,
      "phone_number": null,
      "website": null
    },
    {
      "id": 677347,
      "name": "Posh 2BR in Allston by Sonder",
      "address": "Western Avenue and N Harvard",
      "city": "Boston",
      "state": "MA",
      "country_code": "US",
      "hotel_rating": 3.5,
      "phone_number": null,
      "website": null
    },
    {
      "id": 810445,
      "name": "Sophisticated 2BR in Downtown Crossing by Sonder",
      "address": "Boylston Street",
      "city": "Boston",
      "state": "MA",
      "country_code": "US",
      "hotel_rating": 3.5,
      "phone_number": null,
      "website": null
    },
    {
      "id": 1000001,
      "name": "The Peachtree Plaza Hotel",
      "address": "210 Peachtree St NW",
      "city": "Atlanta",
      "state": "GA",
      "country_code": "US",
      "hotel_rating": 4.5,
      "phone_number": "404-555-0101",
      "website": "https://peachtreeplaza.com"
    },
    {
      "id": 1000002,
      "name": "Midtown Modern Suites",
      "address": "1010 Piedmont Ave NE",
      "city": "Atlanta",
      "state": "GA",
      "country_code": "US",
      "hotel_rating": 4,
      "phone_number": "404-555-0102",
      "website": null
    },
    {
      "id": 1000003,
      "name": "Buckhead Boutique Inn",
      "address": "3391 Peachtree Rd NE",
      "city": "Atlanta",
      "state": "GA",
      "country_code": "US",
      "hotel_rating": 5,
      "phone_number": "404-555-0103",
      "website": "https://buckheadinn.com"
    },
    {
      "id": 1000004,
      "name": "Centennial Park View Lofts",
      "address": "250 Park Ave W NW",
      "city": "Atlanta",
      "state": "GA",
      "country_code": "US",
      "hotel_rating": 3.5,
      "phone_number": null,
      "website": null
    },
    {
      "id": 1000005,
      "name": "The Georgian Terrace",
      "address": "659 Peachtree St NE",
      "city": "Atlanta",
      "state": "GA",
      "country_code": "US",
      "hotel_rating": 4.5,
      "phone_number": "404-897-1991",
      "website": "https://www.thegeorgianterrace.com/"
    },
    {
      "id": 1000006,
      "name": "Eastside Beltline Bungalows",
      "address": "820 Ralph McGill Blvd NE",
      "city": "Atlanta",
      "state": "GA",
      "country_code": "US",
      "hotel_rating": 3,
      "phone_number": null,
      "website": null
    },
    {
      "id": 1000007,
      "name": "Hotel Clermont Atlanta",
      "address": "789 Ponce De Leon Ave NE",
      "city": "Atlanta",
      "state": "GA",
      "country_code": "US",
      "hotel_rating": 4,
      "phone_number": "470-485-0485",
      "website": "https://www.hotelclermont.com/"
    },
    {
      "id": 1000008,
      "name": "Canopy by Hilton Atlanta Midtown",
      "address": "1414 West Peachtree St NW",
      "city": "Atlanta",
      "state": "GA",
      "country_code": "US",
      "hotel_rating": 4.5,
      "phone_number": "404-658-1830",
      "website": "https://www.hilton.com/en/hotels/atlmy-canopy-atlanta-midtown/"
    },
    {
      "id": 1000009,
      "name": "Airport Gateway Inn",
      "address": "1232 Virginia Ave",
      "city": "Atlanta",
      "state": "GA",
      "country_code": "US",
      "hotel_rating": 2.5,
      "phone_number": "404-555-0109",
      "website": null
    },
    {
      "id": 2000001,
      "name": "Bohemian Hotel Celebration, Autograph Collection",
      "address": "700 Bloom St",
      "city": "Celebration",
      "state": "FL",
      "country_code": "US",
      "hotel_rating": 4.5,
      "phone_number": "407-566-6000",
      "website": "https://www.marriott.com/en-us/hotels/mcobc-bohemian-hotel-celebration-autograph-collection/"
    },
    {
      "id": 2000002,
      "name": "Meliá Orlando Celebration",
      "address": "225 Celebration Pl",
      "city": "Celebration",
      "state": "FL",
      "country_code": "US",
      "hotel_rating": 4,
      "phone_number": "407-964-7000",
      "website": "https://www.melia.com/en/hotels/united-states/florida/melia-orlando-celebration"
    },
    {
      "id": 2000003,
      "name": "Celebration Suites",
      "address": "5820 W Irlo Bronson Memorial Hwy",
      "city": "Celebration",
      "state": "FL",
      "country_code": "US",
      "hotel_rating": 3,
      "phone_number": "407-396-7900",
      "website": null
    },
    {
      "id": 2000004,
      "name": "Lakeside Park Inn",
      "address": "123 Lakeside Dr",
      "city": "Celebration",
      "state": "FL",
      "country_code": "US",
      "hotel_rating": 3.5,
      "phone_number": null,
      "website": null
    },
    {
      "id": 2000005,
      "name": "The Founder's Retreat",
      "address": "1920 Founder's Way",
      "city": "Celebration",
      "state": "FL",
      "country_code": "US",
      "hotel_rating": 5,
      "phone_number": "407-555-0205",
      "website": null
    },
    {
      "id": 2000006,
      "name": "Market Street Hotel",
      "address": "715 Market St",
      "city": "Celebration",
      "state": "FL",
      "country_code": "US",
      "hotel_rating": 4,
      "phone_number": null,
      "website": "https://marketsthotel.com"
    },
    {
      "id": 2000007,
      "name": "Celebration Golf Club Villas",
      "address": "701 Golfpark Dr",
      "city": "Celebration",
      "state": "FL",
      "country_code": "US",
      "hotel_rating": 4.5,
      "phone_number": "407-555-0207",
      "website": null
    },
    {
      "id": 2000008,
      "name": "Mystic Dunes Resort & Golf Club",
      "address": "7600 Mystic Dunes Ln",
      "city": "Celebration",
      "state": "FL",
      "country_code": "US",
      "hotel_rating": 4,
      "phone_number": "407-396-1311",
      "website": "https://www.mysticdunesresort.com"
    },
    {
      "id": 2000009,
      "name": "Barefoot Suites",
      "address": "2750 Florida Plaza Blvd",
      "city": "Celebration",
      "state": "FL",
      "country_code": "US",
      "hotel_rating": 2.5,
      "phone_number": "407-997-6900",
      "website": null
    },
    {
      "id": 3000001,
      "name": "The Edgewood Estate",
      "address": "5400 S Orange Ave",
      "city": "Edgewood",
      "state": "FL",
      "country_code": "US",
      "hotel_rating": 4.5,
      "phone_number": "407-851-6480",
      "website": "https://theedgewoodestate.com"
    },
    {
      "id": 3000002,
      "name": "Lakeside Manor Boutique Hotel",
      "address": "120 Lake Conway Ln",
      "city": "Edgewood",
      "state": "FL",
      "country_code": "US",
      "hotel_rating": 4,
      "phone_number": null,
      "website": null
    },
    {
      "id": 3000003,
      "name": "Orange Blossom Inn",
      "address": "4500 Hoffner Ave",
      "city": "Edgewood",
      "state": "FL",
      "country_code": "US",
      "hotel_rating": 3,
      "phone_number": "407-555-0303",
      "website": null
    },
    {
      "id": 3000004,
      "name": "The Cypress Hideaway",
      "address": "221 Cypress Dr",
      "city": "Edgewood",
      "state": "FL",
      "country_code": "US",
      "hotel_rating": 3.5,
      "phone_number": null,
      "website": null
    },
    {
      "id": 3000005,
      "name": "Wingate by Wyndham Orlando Airport",
      "address": "5750 Hazeltine National Dr",
      "city": "Edgewood",
      "state": "FL",
      "country_code": "US",
      "hotel_rating": 4,
      "phone_number": "407-826-5258",
      "website": "https://www.wyndhamhotels.com/wingate/"
    },
    {
      "id": 3000006,
      "name": "South Orlando Suites",
      "address": "5000 S Semoran Blvd",
      "city": "Edgewood",
      "state": "FL",
      "country_code": "US",
      "hotel_rating": 2.5,
      "phone_number": null,
      "website": null
    },
    {
      "id": 3000007,
      "name": "The Edgewood Motor Lodge",
      "address": "101 E Wetherbee Rd",
      "city": "Edgewood",
      "state": "FL",
      "country_code": "US",
      "hotel_rating": 2,
      "phone_number": "407-555-0307",
      "website": null
    },
    {
      "id": 3000008,
      "name": "Embassy Suites by Hilton Orlando Downtown",
      "address": "191 E Pine St",
      "city": "Edgewood",
      "state": "FL",
      "country_code": "US",
      "hotel_rating": 4.5,
      "phone_number": "407-841-1000",
      "website": "https://www.hilton.com/en/embassy/"
    },
    {
      "id": 3000009,
      "name": "Pine Castle Retreat",
      "address": "6000 Hansel Ave",
      "city": "Edgewood",
      "state": "FL",
      "country_code": "US",
      "hotel_rating": 3,
      "phone_number": "407-555-0309",
      "website": null
    },
    {
      "id": 4000001,
      "name": "The Gotha Inn & Gardens",
      "address": "1234 Hempel Ave",
      "city": "Gotha",
      "state": "FL",
      "country_code": "US",
      "hotel_rating": 4,
      "phone_number": "407-555-0401",
      "website": "https://thegothainn.com"
    },
    {
      "id": 4000002,
      "name": "Palm Cottage Getaway",
      "address": "2211 Morton Jones Rd",
      "city": "Gotha",
      "state": "FL",
      "country_code": "US",
      "hotel_rating": 3.5,
      "phone_number": null,
      "website": null
    },
    {
      "id": 4000003,
      "name": "Nehrling Gardens Lodge",
      "address": "2267 Hempel Ave",
      "city": "Gotha",
      "state": "FL",
      "country_code": "US",
      "hotel_rating": 4.5,
      "phone_number": "407-445-9977",
      "website": null
    },
    {
      "id": 4000004,
      "name": "Historic Gotha Suites",
      "address": "987 Gotha Rd",
      "city": "Gotha",
      "state": "FL",
      "country_code": "US",
      "hotel_rating": 3,
      "phone_number": null,
      "website": null
    },
    {
      "id": 4000005,
      "name": "Fairfield Inn & Suites by Marriott Orlando Ocoee",
      "address": "10971 W Colonial Dr",
      "city": "Gotha",
      "state": "FL",
      "country_code": "US",
      "hotel_rating": 4,
      "phone_number": "407-573-1000",
      "website": "https://www.marriott.com/en-us/hotels/mcoof-fairfield-inn-and-suites-orlando-ocoee/"
    },
    {
      "id": 4000006,
      "name": "The Equestrian Retreat at Gotha",
      "address": "4500 Equestrian Trl",
      "city": "Gotha",
      "state": "FL",
      "country_code": "US",
      "hotel_rating": 5,
      "phone_number": "407-555-0406",
      "website": null
    },
    {
      "id": 4000007,
      "name": "Windermere Woods Inn",
      "address": "11221 Down-the-road",
      "city": "Gotha",
      "state": "FL",
      "country_code": "US",
      "hotel_rating": 2.5,
      "phone_number": null,
      "website": null
    },
    {
      "id": 4000008,
      "name": "Lake Nona Wave Hotel",
      "address": "6100 Wave Hotel Dr",
      "city": "Gotha",
      "state": "FL",
      "country_code": "US",
      "hotel_rating": 4.5,
      "phone_number": "407-675-2000",
      "website": "https://www.lakenonawavehotel.com"
    },
    {
      "id": 4000009,
      "name": "Simple Stays Gotha",
      "address": "550 Main St",
      "city": "Gotha",
      "state": "FL",
      "country_code": "US",
      "hotel_rating": 2,
      "phone_number": "407-555-0409",
      "website": null
    },
    {
      "id": 5000001,
      "name": "Balmoral Resort & Spa",
      "address": "124 Kenny Blvd",
      "city": "Haines City",
      "state": "FL",
      "country_code": "US",
      "hotel_rating": 4.5,
      "phone_number": "863-588-3432",
      "website": "https://www.balmoralresortflorida.com/"
    },
    {
      "id": 5000002,
      "name": "Southern Dunes Golf & Country Club",
      "address": "2888 Southern Dunes Blvd",
      "city": "Haines City",
      "state": "FL",
      "country_code": "US",
      "hotel_rating": 4,
      "phone_number": "863-421-4126",
      "website": null
    },
    {
      "id": 5000003,
      "name": "Rodeway Inn & Suites",
      "address": "1805 US Highway 17 92 N",
      "city": "Haines City",
      "state": "FL",
      "country_code": "US",
      "hotel_rating": 2.5,
      "phone_number": "863-422-8061",
      "website": null
    },
    {
      "id": 5000004,
      "name": "Lake Eva Getaway",
      "address": "321 S 6th St",
      "city": "Haines City",
      "state": "FL",
      "country_code": "US",
      "hotel_rating": 3,
      "phone_number": null,
      "website": null
    },
    {
      "id": 5000005,
      "name": "The Grenelefe Resort",
      "address": "3200 State Road 546",
      "city": "Haines City",
      "state": "FL",
      "country_code": "US",
      "hotel_rating": 3.5,
      "phone_number": "863-422-7511",
      "website": "https://www.grenelefe.com"
    },
    {
      "id": 5000006,
      "name": "Heart of Florida Inn",
      "address": "34000 US-27",
      "city": "Haines City",
      "state": "FL",
      "country_code": "US",
      "hotel_rating": 2,
      "phone_number": "863-422-4991",
      "website": null
    },
    {
      "id": 5000007,
      "name": "Ramada by Wyndham Davenport Orlando-South",
      "address": "40950 US-27",
      "city": "Haines City",
      "state": "FL",
      "country_code": "US",
      "hotel_rating": 3.5,
      "phone_number": "863-424-2120",
      "website": "https://www.wyndhamhotels.com/ramada/"
    },
    {
      "id": 5000008,
      "name": "Polk County Retreat",
      "address": "100 Main St S",
      "city": "Haines City",
      "state": "FL",
      "country_code": "US",
      "hotel_rating": 3,
      "phone_number": null,
      "website": null
    },
    {
      "id": 5000009,
      "name": "Oasis Palm Villa",
      "address": "150 Oasis Palm Dr",
      "city": "Haines City",
      "state": "FL",
      "country_code": "US",
      "hotel_rating": 4,
      "phone_number": "863-555-0509",
      "website": null
    },
    {
      "id": 6000001,
      "name": "The Beverly Hills Hotel",
      "address": "9641 Sunset Blvd, Beverly Hills",
      "city": "Los Angeles",
      "state": "CA",
      "country_code": "US",
      "hotel_rating": 5,
      "phone_number": "310-276-2251",
      "website": "https://www.dorchestercollection.com/en/los-angeles/the-beverly-hills-hotel/"
    },
    {
      "id": 6000002,
      "name": "Freehand Los Angeles",
      "address": "416 W 8th St",
      "city": "Los Angeles",
      "state": "CA",
      "country_code": "US",
      "hotel_rating": 4,
      "phone_number": "213-612-0021",
      "website": "https://freehandhotels.com/los-angeles/"
    },
    {
      "id": 6000003,
      "name": "Santa Monica Proper Hotel",
      "address": "700 Wilshire Blvd, Santa Monica",
      "city": "Los Angeles",
      "state": "CA",
      "country_code": "US",
      "hotel_rating": 5,
      "phone_number": "310-620-9990",
      "website": "https://www.properhotel.com/santa-monica/"
    },
    {
      "id": 6000004,
      "name": "Hollywood Roosevelt",
      "address": "7000 Hollywood Blvd",
      "city": "Los Angeles",
      "state": "CA",
      "country_code": "US",
      "hotel_rating": 4.5,
      "phone_number": "323-856-1970",
      "website": null
    },
    {
      "id": 6000005,
      "name": "The LINE Hotel",
      "address": "3515 Wilshire Blvd",
      "city": "Los Angeles",
      "state": "CA",
      "country_code": "US",
      "hotel_rating": 4,
      "phone_number": "213-381-7411",
      "website": "https://www.thelinehotel.com/los-angeles/"
    },
    {
      "id": 6000006,
      "name": "Venice Beach Suites & Hotel",
      "address": "1305 Ocean Front Walk, Venice",
      "city": "Los Angeles",
      "state": "CA",
      "country_code": "US",
      "hotel_rating": 3,
      "phone_number": "310-396-4559",
      "website": null
    },
    {
      "id": 6000007,
      "name": "Downtown LA Proper Hotel",
      "address": "1100 S Broadway",
      "city": "Los Angeles",
      "state": "CA",
      "country_code": "US",
      "hotel_rating": 4.5,
      "phone_number": "213-806-1000",
      "website": "https://www.properhotel.com/downtown-la/"
    },
    {
      "id": 6000008,
      "name": "Sunset Tower Hotel",
      "address": "8358 Sunset Blvd, West Hollywood",
      "city": "Los Angeles",
      "state": "CA",
      "country_code": "US",
      "hotel_rating": 5,
      "phone_number": "323-654-7100",
      "website": null
    },
    {
      "id": 6000009,
      "name": "Ace Hotel Downtown Los Angeles",
      "address": "929 S Broadway",
      "city": "Los Angeles",
      "state": "CA",
      "country_code": "US",
      "hotel_rating": 4,
      "phone_number": "213-623-3233",
      "website": "https://acehotel.com/los-angeles/"
    },
    {
      "id": 7000001,
      "name": "Fontainebleau Miami Beach",
      "address": "4441 Collins Ave, Miami Beach",
      "city": "Miami",
      "state": "FL",
      "country_code": "US",
      "hotel_rating": 4.5,
      "phone_number": "305-538-2000",
      "website": "https://www.fontainebleau.com/miami-beach"
    },
    {
      "id": 7000002,
      "name": "EAST Miami",
      "address": "788 Brickell Plaza",
      "city": "Miami",
      "state": "FL",
      "country_code": "US",
      "hotel_rating": 5,
      "phone_number": "305-712-7000",
      "website": "https://www.easthotels.com/en/miami/"
    },
    {
      "id": 7000003,
      "name": "The Setai, Miami Beach",
      "address": "2001 Collins Ave, Miami Beach",
      "city": "Miami",
      "state": "FL",
      "country_code": "US",
      "hotel_rating": 5,
      "phone_number": "305-520-6000",
      "website": null
    },
    {
      "id": 7000004,
      "name": "SLS South Beach",
      "address": "1701 Collins Ave, Miami Beach",
      "city": "Miami",
      "state": "FL",
      "country_code": "US",
      "hotel_rating": 4.5,
      "phone_number": "305-674-1701",
      "website": "https://book.ennismore.com/hotels/sls-hotels/south-beach"
    },
    {
      "id": 7000005,
      "name": "Life House, Little Havana",
      "address": "528 SW 9th Ave",
      "city": "Miami",
      "state": "FL",
      "country_code": "US",
      "hotel_rating": 4,
      "phone_number": "786-460-8430",
      "website": "https://www.lifehousehotels.com/hotels/miami/little-havana"
    },
    {
      "id": 7000006,
      "name": "The Villa Casa Casuarina",
      "address": "1116 Ocean Dr, Miami Beach",
      "city": "Miami",
      "state": "FL",
      "country_code": "US",
      "hotel_rating": 4.5,
      "phone_number": "305-576-8003",
      "website": null
    },
    {
      "id": 7000007,
      "name": "YVE Hotel Miami",
      "address": "146 Biscayne Blvd",
      "city": "Miami",
      "state": "FL",
      "country_code": "US",
      "hotel_rating": 3.5,
      "phone_number": "305-358-4555",
      "website": null
    },
    {
      "id": 7000008,
      "name": "The Standard Spa, Miami Beach",
      "address": "40 Island Ave, Miami Beach",
      "city": "Miami",
      "state": "FL",
      "country_code": "US",
      "hotel_rating": 4,
      "phone_number": "305-673-1717",
      "website": "https://www.standardhotels.com/miami/properties/miami-beach"
    },
    {
      "id": 7000009,
      "name": "Catalina Hotel & Beach Club",
      "address": "1732 Collins Ave, Miami Beach",
      "city": "Miami",
      "state": "FL",
      "country_code": "US",
      "hotel_rating": 3,
      "phone_number": "305-674-1160",
      "website": null
    },
    {
      "id": 8000001,
      "name": "Fairmont San Francisco",
      "address": "950 Mason St, San Francisco",
      "city": "San Francisco Bay",
      "state": "CA",
      "country_code": "US",
      "hotel_rating": 5,
      "phone_number": "415-772-5000",
      "website": "https://www.fairmont.com/san-francisco/"
    },
    {
      "id": 8000002,
      "name": "Hotel Zeppelin San Francisco",
      "address": "545 Post St, San Francisco",
      "city": "San Francisco Bay",
      "state": "CA",
      "country_code": "US",
      "hotel_rating": 4.5,
      "phone_number": "415-563-0303",
      "website": "https://www.viceroyhotelsandresorts.com/zeppelin"
    },
    {
      "id": 8000003,
      "name": "The Claremont Club & Spa, A Fairmont Hotel",
      "address": "41 Tunnel Rd, Berkeley",
      "city": "San Francisco Bay",
      "state": "CA",
      "country_code": "US",
      "hotel_rating": 5,
      "phone_number": "510-843-3000",
      "website": "https://www.claremont-hotel.com/"
    },
    {
      "id": 8000004,
      "name": "Hotel Kabuki, a Joie de Vivre Hotel",
      "address": "1625 Post St, San Francisco",
      "city": "San Francisco Bay",
      "state": "CA",
      "country_code": "US",
      "hotel_rating": 4,
      "phone_number": "415-922-3200",
      "website": null
    },
    {
      "id": 8000005,
      "name": "Cavallo Point",
      "address": "601 Murray Cir, Sausalito",
      "city": "San Francisco Bay",
      "state": "CA",
      "country_code": "US",
      "hotel_rating": 4.5,
      "phone_number": "415-339-4700",
      "website": "https://www.cavallopoint.com/"
    },
    {
      "id": 8000006,
      "name": "The Westin St. Francis San Francisco on Union Square",
      "address": "335 Powell St, San Francisco",
      "city": "San Francisco Bay",
      "state": "CA",
      "country_code": "US",
      "hotel_rating": 4,
      "phone_number": "415-397-7000",
      "website": null
    },
    {
      "id": 8000007,
      "name": "Hotel Emblem San Francisco",
      "address": "562 Sutter St, San Francisco",
      "city": "San Francisco Bay",
      "state": "CA",
      "country_code": "US",
      "hotel_rating": 4,
      "phone_number": "415-433-4434",
      "website": null
    },
    {
      "id": 8000008,
      "name": "San Francisco Marriott Marquis",
      "address": "780 Mission St, San Francisco",
      "city": "San Francisco Bay",
      "state": "CA",
      "country_code": "US",
      "hotel_rating": 4,
      "phone_number": "415-896-1600",
      "website": "https://www.marriott.com/en-us/hotels/sfodt-san-francisco-marriott-marquis/"
    },
    {
      "id": 8000009,
      "name": "Hotel Triton",
      "address": "342 Grant Ave, San Francisco",
      "city": "San Francisco Bay",
      "state": "CA",
      "country_code": "US",
      "hotel_rating": 3.5,
      "phone_number": "415-394-0500",
      "website": null
    },
    {
      "id": 9000001,
      "name": "Disney's Grand Floridian Resort & Spa",
      "address": "4401 Floridian Way, Lake Buena Vista",
      "city": "Walt Disney World® Resort",
      "state": "FL",
      "country_code": "US",
      "hotel_rating": 5,
      "phone_number": "407-824-3000",
      "website": "https://disneyworld.disney.go.com/resorts/grand-floridian-resort-and-spa/"
    },
    {
      "id": 9000002,
      "name": "Disney's Polynesian Village Resort",
      "address": "1600 Seven Seas Drive, Lake Buena Vista",
      "city": "Walt Disney World® Resort",
      "state": "FL",
      "country_code": "US",
      "hotel_rating": 4.5,
      "phone_number": "407-824-2000",
      "website": "https://disneyworld.disney.go.com/resorts/polynesian-village-resort/"
    },
    {
      "id": 9000003,
      "name": "Disney's Contemporary Resort",
      "address": "4600 North World Drive, Lake Buena Vista",
      "city": "Walt Disney World® Resort",
      "state": "FL",
      "country_code": "US",
      "hotel_rating": 4.5,
      "phone_number": "407-824-1000",
      "website": null
    },
    {
      "id": 9000004,
      "name": "Disney's Animal Kingdom Lodge",
      "address": "2901 Osceola Pkwy, Bay Lake",
      "city": "Walt Disney World® Resort",
      "state": "FL",
      "country_code": "US",
      "hotel_rating": 4.5,
      "phone_number": "407-938-3000",
      "website": null
    },
    {
      "id": 9000005,
      "name": "Four Seasons Resort Orlando at Walt Disney World Resort",
      "address": "10100 Dream Tree Blvd, Lake Buena Vista",
      "city": "Walt Disney World® Resort",
      "state": "FL",
      "country_code": "US",
      "hotel_rating": 5,
      "phone_number": "407-313-7777",
      "website": "https://www.fourseasons.com/orlando/"
    },
    {
      "id": 9000006,
      "name": "Disney's Art of Animation Resort",
      "address": "1850 Animation Way, Lake Buena Vista",
      "city": "Walt Disney World® Resort",
      "state": "FL",
      "country_code": "US",
      "hotel_rating": 3.5,
      "phone_number": "407-938-7000",
      "website": null
    },
    {
      "id": 9000007,
      "name": "Walt Disney World Swan and Dolphin",
      "address": "1500 Epcot Resorts Blvd, Lake Buena Vista",
      "city": "Walt Disney World® Resort",
      "state": "FL",
      "country_code": "US",
      "hotel_rating": 4,
      "phone_number": "407-934-4000",
      "website": "https://www.swandolphin.com/"
    },
    {
      "id": 9000008,
      "name": "Disney's Pop Century Resort",
      "address": "1050 Century Dr, Lake Buena Vista",
      "city": "Walt Disney World® Resort",
      "state": "FL",
      "country_code": "US",
      "hotel_rating": 3,
      "phone_number": "407-938-4000",
      "website": null
    },
    {
      "id": 9000009,
      "name": "Disney's BoardWalk Inn",
      "address": "2101 Epcot Resorts Blvd, Lake Buena Vista",
      "city": "Walt Disney World® Resort",
      "state": "FL",
      "country_code": "US",
      "hotel_rating": 4.5,
      "phone_number": "407-939-6200",
      "website": null
    },
    {
      "id": 10000001,
      "name": "The Hay-Adams",
      "address": "800 16th St NW",
      "city": "Washington",
      "state": "DC",
      "country_code": "US",
      "hotel_rating": 5,
      "phone_number": "202-638-6600",
      "website": "https://www.hayadams.com/"
    },
    {
      "id": 10000002,
      "name": "Willard InterContinental Washington",
      "address": "1401 Pennsylvania Ave NW",
      "city": "Washington",
      "state": "DC",
      "country_code": "US",
      "hotel_rating": 5,
      "phone_number": "202-628-9100",
      "website": "https://washington.intercontinental.com/"
    },
    {
      "id": 10000003,
      "name": "The Jefferson, Washington, DC",
      "address": "1200 16th St NW",
      "city": "Washington",
      "state": "DC",
      "country_code": "US",
      "hotel_rating": 5,
      "phone_number": "202-448-2300",
      "website": null
    },
    {
      "id": 10000004,
      "name": "Hamilton Hotel Washington DC",
      "address": "1001 14th St NW",
      "city": "Washington",
      "state": "DC",
      "country_code": "US",
      "hotel_rating": 4.5,
      "phone_number": "202-682-0111",
      "website": null
    },
    {
      "id": 10000005,
      "name": "The Watergate Hotel",
      "address": "2650 Virginia Ave NW",
      "city": "Washington",
      "state": "DC",
      "country_code": "US",
      "hotel_rating": 5,
      "phone_number": "844-617-1972",
      "website": "https://www.thewatergatehotel.com/"
    },
    {
      "id": 10000006,
      "name": "Eaton DC",
      "address": "1201 K St NW",
      "city": "Washington",
      "state": "DC",
      "country_code": "US",
      "hotel_rating": 4,
      "phone_number": "202-289-7600",
      "website": "https://www.eatonworkshop.com/hotel/dc"
    },
    {
      "id": 10000007,
      "name": "Hotel Washington",
      "address": "515 15th St NW",
      "city": "Washington",
      "state": "DC",
      "country_code": "US",
      "hotel_rating": 4.5,
      "phone_number": "202-661-2400",
      "website": null
    },
    {
      "id": 10000008,
      "name": "The LINE Hotel DC",
      "address": "1770 Euclid St NW",
      "city": "Washington",
      "state": "DC",
      "country_code": "US",
      "hotel_rating": 4.5,
      "phone_number": "202-588-0525",
      "website": "https://www.thelinehotel.com/washington-dc/"
    },
    {
      "id": 10000009,
      "name": "CitizenM Washington DC Capitol",
      "address": "550 School St SW",
      "city": "Washington",
      "state": "DC",
      "country_code": "US",
      "hotel_rating": 4,
      "phone_number": "202-846-5200",
      "website": null
    }
  ]
}
